"0","16","949 Benjamin Overpass
Zamorastad, VT 98155","1987-11-05 08:03:44","false",""
"1","19","Unit 0979 Box 5349
DPO AP 57777","1987-12-21 17:27:29","false",""
"2","67","9741 Parker Valley
Lisastad, SD 55817","2015-01-10 21:35:05","true","1979-03-03 05:34:09"
"3","44","86156 Cross Pines Suite 165
New Kevin, AL 78023","2014-01-28 02:13:39","false",""
"4","89","836 Julie Circle Suite 775
Jonestown, CO 30468","1980-04-21 20:59:33","false",""
"5","58","PSC 6953, Box 3515
APO AA 30732","1988-10-23 00:53:31","false",""
"6","19","7895 Williams Rapids
Bestland, VA 62367","1999-12-09 03:28:02","true","2003-09-18 17:19:14"
"7","37","5627 Shirley Motorway Apt. 157
East Catherinemouth, WI 11891","2014-09-04 05:49:25","false",""
"8","79","013 Stephanie Skyway
Alvarezmouth, UT 49246","2013-07-14 23:14:06","true","2006-09-13 13:21:37"
"9","76","00737 Walton Prairie Apt. 279
Valeriehaven, TN 80174","1978-02-23 04:43:59","false",""
"10","19","9603 Lindsey Meadows Apt. 098
West Brandon, UT 50373","2019-09-25 06:45:17","false",""
"11","7","113 William Spur
Lutzton, WV 94659","1977-04-08 09:07:29","true","2018-04-13 17:34:17"
"12","68","453 Patterson Gardens
Kimberlyview, WI 37130","1973-03-18 09:31:58","false",""
"13","31","677 Castillo Green
Delacruzville, NE 76622","2007-08-12 15:37:27","false",""
"14","88","USNS Wright
FPO AA 28725","2015-12-02 12:33:22","false",""
"15","27","512 Leslie Keys Apt. 302
North Josechester, WY 26767","2014-08-22 23:50:24","true","1993-11-29 17:28:29"
"16","81","81531 Lisa Forest Suite 828
Turnerchester, FL 40840","1989-05-19 09:50:04","true","2020-04-23 23:46:57"
"17","14","27170 Harrell Spur Suite 521
East Dominicburgh, PA 50645","2015-08-27 08:24:46","false",""
"18","50","USS Jordan
FPO AE 17076","1980-04-21 04:58:00","true","1975-10-24 02:30:08"
"19","67","03372 Laura Fork Apt. 137
Heidimouth, WV 31564","2008-05-01 02:11:17","true","2015-05-04 06:28:36"
"20","71","5617 Joseph Crossroad
West Nicholas, DC 44193","2019-05-16 23:33:55","true","2007-04-30 02:54:20"
"21","25","3660 Woods Garden Apt. 189
Paynehaven, NE 39605","2005-06-15 20:19:53","true","2008-03-06 18:32:09"
"22","6","43370 Anderson Rest Suite 326
Denisemouth, MT 72737","2016-01-21 10:09:37","true","1992-10-08 13:56:26"
"23","73","586 Brian Burg Apt. 379
New Meagan, DC 06341","1976-05-02 11:38:31","true","1979-02-07 13:57:13"
"24","92","4815 Michael Corners
North Jamiestad, DC 32785","2009-03-16 04:38:32","false",""
"25","80","605 Beck Stravenue
West Scott, CT 74607","1984-06-03 06:43:34","false",""
"26","47","670 Rivera Divide
Lake Samantha, MD 59753","1992-03-12 03:14:13","false",""
"27","67","8889 Christopher Valleys
Pattersonmouth, DE 71185","1992-02-16 08:02:43","true","2019-05-28 15:26:11"
"28","44","760 Thomas Mountains Apt. 364
East Garyport, HI 29249","2017-05-30 14:06:57","true","2019-02-06 09:13:27"
"29","43","1540 Debra Place
Lake James, MD 91387","1975-04-15 08:50:10","true","1997-06-16 11:28:24"
"30","67","035 Peters Island Suite 813
New Aaron, WY 31703","1971-09-06 11:28:48","true","2002-10-13 07:45:38"
"31","11","49461 Hill Inlet Suite 003
Hendrixport, NJ 74670","2021-01-02 06:00:19","false",""
"32","43","676 Thomas Trail Apt. 759
South Sierra, WY 25604","2002-03-04 10:52:51","false",""
"33","16","USS Keith
FPO AP 94071","1975-11-28 17:12:50","true","2016-07-14 09:37:24"
"34","10","PSC 3094, Box 7666
APO AA 31657","2020-11-16 05:04:47","true","1980-11-30 04:20:54"
"35","13","778 Jennifer Run Suite 495
Robertaborough, VT 68190","2007-03-02 16:33:13","true","1987-12-02 07:42:45"
"36","25","6969 Melissa Highway
Lopezton, NH 81550","2011-08-12 21:17:00","false",""
"37","9","PSC 0456, Box 8886
APO AE 61865","1990-03-21 22:28:13","true","2018-04-10 05:12:56"
"38","57","32882 John Path
Byrdfurt, NE 30289","1987-07-01 08:42:24","false",""
"39","38","USNV Chavez
FPO AP 76043","1975-01-18 14:37:50","true","1989-01-08 02:50:18"
"40","21","03223 White Meadow Suite 275
Colemanborough, GA 40270","2008-06-30 05:55:38","true","2021-08-22 09:57:00"
"41","31","6955 Ruiz Extensions
New Eric, MT 94481","1998-10-10 16:24:11","true","2019-05-23 22:14:27"
"42","48","73049 Guerra Island Apt. 418
Christinaborough, OH 71140","1989-11-25 06:18:16","true","1980-12-06 23:39:23"
"43","48","95971 Clarke Pass
Lake Debbie, RI 14546","2005-07-09 13:07:39","true","1983-10-05 03:08:06"
"44","37","82407 Gregory Road
Kylehaven, OR 12593","2014-11-22 11:09:23","true","1979-08-20 21:44:57"
"45","82","4962 Brooks Greens
Lake Andrewshire, AK 93072","2014-04-10 13:51:37","false",""
"46","37","32426 Candice Stream Suite 912
Thorntonfurt, SC 10921","2009-03-21 13:07:33","false",""
"47","1","545 Cooper Villages Suite 381
Johnview, AR 79615","1975-09-30 03:57:22","true","1989-04-16 20:56:45"
"48","34","45780 Walker Overpass Apt. 152
Huntfort, LA 74814","1996-11-09 08:53:53","false",""
"49","9","USS Kennedy
FPO AA 12800","2019-01-28 07:43:13","false",""
"50","1","9763 Martinez Village
Michaelton, MA 97580","1972-11-13 08:38:52","false",""
"51","26","70325 Cook Parkway
Lake Lydiastad, AL 51543","1988-04-22 14:03:44","true","2005-11-29 10:48:33"
"52","2","8832 Lisa Mountains Suite 986
Irwinburgh, CO 06312","1999-10-11 05:03:27","true","2014-03-02 16:07:37"
"53","17","3466 Stephens Lakes
North Matthew, WY 03427","1981-05-21 07:04:55","true","2018-05-11 22:55:45"
"54","16","50197 Donna Neck
Greenview, IN 55768","2012-08-15 00:47:03","true","1996-04-04 06:17:27"
"55","60","7397 Kristy Ramp
Nelsonhaven, CA 63480","1980-08-22 03:05:25","true","2016-12-14 00:57:06"
"56","20","6375 Bonnie Grove
Port Jasminestad, MA 12320","2016-09-13 02:21:19","true","2004-03-30 17:27:51"
"57","1","03508 Lindsey Underpass Suite 026
North Morgan, SC 88213","2010-07-18 03:22:22","false",""
"58","29","583 Webb Meadow Suite 996
Jeffreyport, NY 22367","1988-11-25 02:31:34","true","1998-10-02 20:45:25"
"59","70","4089 Moore Keys Apt. 493
Lake Christopher, KY 35571","1979-06-10 02:25:52","false",""
"60","25","078 John Locks
Debrafort, AL 33739","2001-08-14 21:10:27","false",""
"61","55","809 Sanders Fort
Laurenmouth, VT 06892","1975-10-29 17:55:23","true","1974-05-13 13:48:50"
"62","65","55955 Orozco Islands Apt. 540
South Valeriefort, MS 91771","1973-08-14 03:49:55","false",""
"63","84","0662 Thompson Point Apt. 131
West Kylehaven, MT 79211","1996-12-22 05:10:43","true","2006-06-12 18:23:52"
"64","5","693 Bailey Shore
Henrychester, VT 52692","1986-09-26 18:23:15","false",""
"65","71","9592 Harris Rapids
Smithside, ME 07436","2014-02-04 10:28:33","false",""
"66","26","6190 Brown Shoal Suite 625
Deckerview, MN 22704","2004-09-22 02:37:03","true","1975-03-07 20:35:07"
"67","20","PSC 3038, Box 7114
APO AE 43441","1996-05-21 06:29:32","false",""
"68","58","531 Green Fort
West Sheliahaven, WV 60969","1970-07-13 04:02:11","false",""
"69","45","694 Edwards Walk
Rhodesside, OR 62543","2018-07-09 04:04:11","false",""
"70","36","12060 Levy Trail Apt. 546
Josephland, MT 31007","1988-04-11 15:04:08","false",""
"71","85","58531 Ritter Views Suite 251
Alexanderfort, SD 12246","2007-04-18 18:47:29","false",""
"72","78","68105 Alisha Curve
Johnnymouth, NJ 11839","2008-01-31 03:44:24","true","1994-10-28 21:27:48"
"73","57","8422 Jose Motorway Apt. 390
West Erikastad, SD 87405","2003-09-25 06:55:29","false",""
"74","44","USNV Thompson
FPO AA 40672","2003-05-16 01:30:44","false",""
"75","92","8857 Brown Mills
Jeromehaven, MI 97953","1972-09-18 03:03:06","true","1995-11-28 10:52:20"
"76","7","8427 Lindsey Pines Apt. 649
Duncanchester, NC 51974","2008-11-19 23:05:41","false",""
"77","16","029 Nelson Centers
Mcmillanshire, MS 58282","1989-12-31 23:10:08","false",""
"78","27","6645 Jason Curve Suite 956
Julianland, KS 30392","1977-06-03 00:36:47","false",""
"79","48","7638 Christina Valley
Port Jane, MS 48814","2011-04-14 10:35:35","true","1972-06-16 04:36:49"
"80","6","22240 Reed Locks Suite 420
Donaldfurt, MN 50609","1988-05-24 20:18:32","true","1982-07-31 05:23:58"
"81","43","0076 Arthur Tunnel
West Patrick, KS 71215","1998-12-22 04:03:28","true","1974-03-03 00:28:27"
"82","19","14352 Hernandez Isle Apt. 102
Adrianbury, NY 32348","2004-04-06 23:09:48","true","1977-03-20 09:12:41"
"83","12","5133 Carol Route Apt. 483
Mooreland, SC 88474","2005-03-28 05:07:11","true","1996-04-17 18:00:25"
"84","62","04471 Wright Inlet
Lake Michaelborough, NM 47900","1990-03-09 20:12:01","true","1986-12-08 02:23:04"
"85","8","50970 Jill Plains Suite 381
North Micheleburgh, WY 69845","1970-09-06 01:26:29","true","2007-12-11 11:11:26"
"86","31","123 Chan Keys Apt. 139
Molinaview, OR 86568","1991-01-14 21:52:11","true","1974-05-05 13:56:01"
"87","3","3738 Brooke Walks
North Ericabury, VT 31012","2004-01-20 19:21:22","true","1970-05-12 20:06:00"
"88","40","Unit 2581 Box 4453
DPO AP 37390","1971-09-19 17:05:14","true","1992-08-07 09:48:26"
"89","25","2250 Stephanie Forges Apt. 283
South Mitchelltown, OR 19725","2002-07-19 00:17:18","false",""
"90","19","146 Barnes Course Apt. 589
Harrisside, MA 72171","2010-09-19 07:11:21","true","2017-11-04 14:23:04"
"91","22","3610 Paul Glen
Rodriguezchester, KY 38639","2009-07-21 06:21:55","false",""
"92","5","033 Leslie Corner Suite 259
West Devinberg, NV 63393","2011-08-24 18:12:12","false",""
"93","21","1498 Garcia Roads Apt. 278
Gilesstad, IL 27936","2014-05-28 15:14:03","true","1987-03-03 23:01:37"
"94","45","17589 Fowler Springs
East Josephport, LA 30186","2019-01-24 10:48:30","false",""
"95","50","18607 Franco Corner Suite 746
Brookebury, OR 29148","2001-12-14 03:30:15","true","2018-03-29 07:24:59"
"96","21","347 Barber Roads Apt. 157
West Michaelland, CT 70234","2012-05-18 00:04:58","true","2006-07-04 17:44:51"
"97","49","PSC 9904, Box 9214
APO AA 02815","1997-04-18 21:06:45","false",""
"98","89","2339 Cruz Harbors Suite 866
Fuentesport, LA 03803","2014-09-03 14:53:02","true","1980-07-10 03:13:06"
"99","46","USCGC Jordan
FPO AA 93364","2015-01-24 11:31:20","true","1975-03-03 18:40:23"
"100","34","07912 Hale Fort
Myersbury, DC 20212","1976-08-20 04:29:16","true","1996-01-08 07:45:07"
"101","51","03997 Steven Oval Suite 305
Kennethburgh, OH 35963","1981-10-02 15:21:08","false",""
"102","42","222 Johnson Path Apt. 911
Kingbury, ND 08069","1975-04-14 04:46:29","false",""
"103","11","5173 Scott Knolls Suite 969
East Patricia, HI 45253","1992-06-20 22:59:14","true","2000-06-29 19:02:15"
"104","76","33005 Baird Avenue Apt. 939
South Andrea, MI 84989","1978-12-23 09:24:52","false",""
"105","30","046 David Burgs
Maryview, AL 70852","1992-02-01 22:55:42","false",""
"106","72","774 Maldonado Lock Suite 568
Nicoleport, WI 96948","1979-01-01 17:24:54","true","2017-09-03 21:29:30"
"107","80","Unit 0617 Box 0217
DPO AP 53495","1973-10-20 18:09:56","false",""
"108","70","341 Bolton Gateway
Hansonborough, GA 15875","1976-04-01 00:09:23","true","2013-08-11 10:59:28"
"109","29","69876 Hines Loop Apt. 721
East Johnstad, SC 52623","2017-08-02 23:26:04","false",""
"110","10","89066 Warner Underpass Suite 136
South Randyville, MD 12682","2014-02-27 10:19:55","true","2014-05-16 17:52:03"
"111","80","13130 Frank Forks Apt. 018
Tannerville, NM 45911","1974-06-27 19:56:25","true","1974-12-22 19:52:06"
"112","4","USS Brewer
FPO AP 09089","1991-03-30 09:06:43","false",""
"113","40","1239 Tamara Skyway
Port Melissaton, NH 16510","1975-01-31 15:35:56","true","1991-07-19 04:13:15"
"114","56","977 Torres Village Apt. 596
Tuckerfort, NV 34840","2004-06-03 09:40:11","false",""
"115","88","0397 Susan Village Apt. 074
North Emilybury, ND 41313","2004-09-14 19:59:24","true","1982-03-29 23:06:01"
"116","47","67739 Underwood Cliffs Apt. 549
Port Judith, FL 52189","1990-11-16 20:18:42","false",""
"117","80","93855 John Shore Apt. 001
East Lisahaven, AL 99383","1972-01-09 12:04:38","true","1972-09-26 21:12:03"
"118","59","USNS Horton
FPO AP 73011","1998-08-10 22:57:42","false",""
"119","44","26812 Bates Greens Suite 100
Chavezborough, MI 03262","1993-10-16 05:21:32","true","2017-01-16 17:20:13"
"120","27","156 Alicia Crossing
West Eric, MS 26451","2013-05-14 00:53:59","false",""
"121","70","210 Russo Club
Brownport, OH 71535","1978-03-04 09:37:06","true","1971-05-04 15:15:14"
"122","59","Unit 4865 Box 9655
DPO AA 51975","1978-10-25 05:41:21","false",""
"123","45","4877 Morales Hill Suite 234
Wrighttown, NE 39108","1984-06-24 10:45:55","true","2010-04-22 21:07:57"
"124","3","94324 Bowen Springs Apt. 122
South Meredithview, OR 08428","2009-02-03 14:00:23","true","1996-08-24 12:48:29"
"125","67","93456 Garcia Roads Suite 183
Huertaland, DE 47716","1986-11-11 01:50:41","false",""
"126","99","01845 Tiffany Road Apt. 395
South Angelaport, SD 91061","1975-01-24 05:07:47","true","2013-12-17 12:56:02"
"127","24","686 Moreno Squares Apt. 973
Joannaland, MD 63533","1985-11-26 10:20:12","false",""
"128","33","68069 Tanya Burgs
Hubbardshire, WI 29261","1982-07-30 16:20:23","false",""
"129","58","1628 Calvin Wells Suite 321
Haysfort, MS 52325","2017-12-23 12:29:49","true","2020-04-13 02:57:14"
"130","19","473 Sabrina Path
South Brianburgh, IA 58747","1997-01-01 12:22:45","false",""
"131","23","715 Terri Valley
Hursttown, MA 85837","2016-10-11 17:04:52","true","1994-12-23 01:50:41"
"132","21","Unit 1895 Box 7782
DPO AP 15907","2008-10-24 16:41:33","false",""
"133","37","2509 Diane Union Apt. 399
Lake Joseph, SD 79994","1999-06-30 05:42:46","false",""
"134","34","90190 Rangel Road
Smithside, WI 99528","2005-12-05 12:22:25","true","2000-05-26 20:43:42"
"135","98","247 Adrian Meadow
Mcmahonmouth, MN 17367","1999-09-29 03:28:22","true","1983-09-14 18:56:09"
"136","23","579 Gonzales Neck
Bakerland, WV 94019","1990-09-17 08:06:15","true","1972-11-10 13:37:51"
"137","71","89885 Jeffrey Island Suite 586
Port Barbarastad, KY 02923","2003-02-03 13:06:00","true","1971-03-22 21:39:12"
"138","80","04291 Allen Locks Suite 923
Connorfort, SD 99170","2022-03-18 08:33:36","false",""
"139","15","632 Mclaughlin Place
South Amybury, MD 78394","2006-02-11 05:12:38","false",""
"140","51","977 Shelton Cove
Trujilloshire, GA 15907","1980-07-23 23:06:07","true","1994-05-27 18:23:53"
"141","68","82878 Wright Ferry
Jonesstad, IL 36364","1971-04-02 22:22:39","false",""
"142","18","44564 Obrien Creek Suite 472
Debraburgh, DC 71726","1990-02-06 21:08:49","false",""
"143","72","10201 Snow Plain Suite 143
Castroshire, MI 40549","2012-03-26 05:50:27","false",""
"144","28","226 Jefferson Summit
Erinburgh, NY 28994","2020-09-03 11:44:54","true","1978-04-18 21:00:27"
"145","52","7066 Michelle Stravenue
Joshuabury, NE 06405","2008-08-14 22:33:18","false",""
"146","29","05511 Pearson Pike Suite 294
North Andreaton, VT 73070","1982-04-01 14:05:52","false",""
"147","17","102 Jason Tunnel Apt. 608
North Nicholas, GA 85210","1984-03-12 17:00:33","false",""
"148","61","49895 Ryan Motorway Suite 774
Stephenhaven, VT 20813","1975-05-20 09:22:57","true","2007-09-15 21:20:17"
"149","57","13472 John Turnpike
Geoffreymouth, CT 10022","2010-10-22 09:07:51","true","2016-04-30 17:52:40"
"150","6","47449 William Coves
Dorseymouth, FL 58815","1974-02-01 20:17:10","false",""
"151","59","697 Carol Motorway
Scottmouth, OH 29281","1978-02-06 13:59:00","false",""
"152","34","7323 David Meadow
South Victoriaberg, CT 43540","2002-06-14 03:54:23","false",""
"153","50","9927 Michelle Cape Suite 762
East Sarah, NJ 36305","1978-01-11 16:55:38","false",""
"154","37","6457 Roberts Creek Suite 940
Fernandezton, KY 24719","2018-04-01 02:27:21","false",""
"155","31","94295 Elizabeth Station Suite 582
Port Steventown, PA 14933","1975-07-26 05:04:49","false",""
"156","0","711 Ian Shore
East Claytonbury, WI 85243","2006-12-25 03:48:54","true","1998-07-07 11:27:04"
"157","85","9543 Jeffrey Mission
New Jennifer, RI 90000","1988-06-06 16:15:14","false",""
"158","25","279 Taylor Villages Suite 332
Randolphmouth, IN 60620","1976-03-19 03:19:27","false",""
"159","14","54933 Courtney Greens Apt. 138
North Ryan, AL 50365","2004-04-13 05:58:51","true","1993-09-21 02:10:29"
"160","7","9035 Stark Wall
East Alejandroland, ID 45872","1976-07-06 05:26:24","false",""
"161","52","6314 Susan Point
Grayburgh, DC 43715","2012-12-04 07:53:20","true","1978-05-07 11:09:58"
"162","11","15569 Dennis Track
Port Susantown, KS 27009","1996-02-01 00:42:43","true","1973-10-25 04:42:12"
"163","60","Unit 6257 Box 5270
DPO AE 42087","2011-06-10 14:49:34","true","1987-07-22 14:44:58"
"164","42","710 Courtney Prairie
Port Charleschester, KS 57251","1987-06-19 09:34:42","false",""
"165","65","089 Davis Forge
Thomasmouth, NH 81179","1979-08-10 09:30:51","true","2017-02-14 07:32:07"
"166","49","381 Adams Harbors Suite 956
Shannonhaven, HI 64064","1996-06-02 09:25:38","true","2005-09-13 05:44:42"
"167","64","718 Choi Ford
Coryburgh, VA 48249","1992-04-21 22:25:42","true","1971-07-16 17:12:31"
"168","27","84138 Robin Trafficway Suite 701
Walkermouth, WA 22841","1994-09-20 04:52:47","true","1978-09-17 07:02:50"
"169","38","8151 Julia Ford Suite 998
East Donnatown, AK 09101","1976-04-24 15:27:12","false",""
"170","63","USS Boyer
FPO AP 99177","1991-07-28 08:51:54","false",""
"171","99","504 Jermaine Plains Apt. 392
Lake Melissa, DE 99889","2002-03-31 10:48:23","false",""
"172","36","067 Hansen Vista
Port Tiffany, VA 16451","2015-10-02 21:23:59","false",""
"173","62","373 Kayla Ports
North Christian, OR 70926","2019-10-24 20:11:30","true","1999-10-07 22:28:55"
"174","70","4679 Cook Square
Wagnerport, IA 34488","2001-10-12 22:15:54","true","2013-07-20 08:27:28"
"175","48","15021 Chad Avenue Suite 407
West Johnfurt, MS 19195","2016-05-04 13:47:29","true","1988-01-18 07:15:42"
"176","34","8634 Clark Crossing
Port Erika, AR 53337","1997-11-29 05:45:42","false",""
"177","83","149 Rodriguez Streets
Eugeneton, MI 78761","1979-08-26 19:46:01","false",""
"178","19","Unit 7641 Box 9956
DPO AA 04050","2016-10-20 23:36:05","true","1987-03-27 02:27:32"
"179","98","578 Santiago Curve Apt. 425
West Jennifer, MN 62750","2022-02-13 20:42:43","false",""
"180","87","2247 Schmitt Fort
Rubiofort, DC 92587","2016-01-17 12:12:31","false",""
"181","27","8135 Dana Vista
West Nicole, DC 31375","1986-04-17 00:59:59","true","1994-02-15 20:56:46"
"182","53","409 Butler Flats
Michelleshire, IA 63751","1984-07-16 22:13:37","false",""
"183","18","USCGC Roberts
FPO AA 32167","1978-06-01 22:11:06","true","1988-08-14 09:15:42"
"184","92","75258 Sarah Trace
East Roberthaven, ID 66001","1977-10-12 12:44:06","false",""
"185","30","PSC 3034, Box 7921
APO AP 76467","1979-09-14 04:07:34","true","2019-07-28 12:31:51"
"186","98","646 Luna Divide
West Kevinfort, NM 73106","2000-12-14 11:31:28","true","1988-05-18 09:11:44"
"187","32","79385 Noah Oval
Port Rebecca, TN 07878","2009-03-03 19:15:07","false",""
"188","42","21472 Larson Squares Suite 540
East Vincent, WV 14580","2020-03-06 15:18:05","false",""
"189","18","PSC 1780, Box 7072
APO AE 54196","2002-05-29 02:25:05","false",""
"190","9","4231 Nicole Extensions Suite 659
Hernandezhaven, NV 03044","2021-11-03 20:01:10","true","1984-11-17 02:44:42"
"191","54","4138 Tracy Station Suite 819
Alanfurt, NH 52290","1985-05-29 22:05:52","false",""
"192","11","767 Michelle Ways Suite 925
Port Chelseatown, ME 37758","1981-04-09 20:52:32","true","1981-06-10 23:08:45"
"193","97","60270 Jones Rue Suite 907
Lawrencestad, AZ 84953","2019-07-16 18:52:34","true","1996-06-03 21:27:07"
"194","61","6478 Jennifer Tunnel Apt. 732
North Maryfurt, DE 81858","1988-02-14 22:37:55","false",""
"195","63","632 Shaw Overpass Suite 927
South Josephside, MD 67760","1991-03-01 10:08:24","true","2000-08-03 09:22:47"
"196","2","40749 Armstrong Via
Wrightberg, FL 23926","2018-11-07 05:18:41","false",""
"197","77","0450 Mitchell Pine Suite 380
Rushmouth, FL 60510","1998-01-13 16:00:07","true","2005-02-15 09:14:42"
"198","82","66173 Bond Road Apt. 012
Alvarezhaven, NY 83230","1982-05-04 13:57:49","false",""
"199","0","00468 Hill Ranch Apt. 660
Port Lisa, MT 13871","2015-08-15 19:29:56","false",""
"200","85","4181 Melissa Well
South Brianmouth, AZ 57966","2015-03-25 23:51:00","false",""
"201","11","257 Christina Points
North Shelley, WI 09126","1977-07-06 23:04:06","true","2009-02-13 12:48:12"
"202","70","29742 Potter Mall
North Josephfort, FL 00735","1986-08-22 04:57:05","true","2000-03-27 00:06:32"
"203","66","16457 Raymond Causeway Apt. 335
Lake Michael, WV 02880","1977-10-23 17:16:59","true","1980-10-03 01:13:43"
"204","29","107 Freeman River Apt. 581
Port Margaret, DC 64435","1972-12-05 07:23:28","true","1997-01-24 19:39:31"
"205","59","813 Taylor Locks Apt. 113
Port Victoriaburgh, IL 46547","1986-03-21 13:18:15","false",""
"206","28","8998 Joe Rest Suite 898
Scottmouth, WA 82704","2014-07-20 05:30:10","false",""
"207","40","7853 Long Club
East Jonathanville, KS 61117","1990-06-19 19:53:00","true","2008-03-08 04:18:19"
"208","62","3397 Danny Islands
East Douglaston, DE 85109","1998-06-17 19:28:55","true","1999-03-07 15:26:45"
"209","15","441 Valdez Motorway Apt. 305
Tracychester, MN 87573","2001-07-10 17:30:45","false",""
"210","1","96494 Schneider Passage Apt. 041
Granttown, ND 94573","2005-11-20 08:23:48","true","2006-07-01 01:32:02"
"211","53","327 Kennedy Prairie
Lisaview, NJ 64771","2000-08-25 19:23:32","false",""
"212","29","USNS Gallegos
FPO AE 71373","1973-07-11 03:21:54","false",""
"213","80","71688 Sharon Island
Port Michelleport, RI 92530","2015-12-18 21:55:03","false",""
"214","50","139 Camacho Views Apt. 635
West Marioview, NM 21375","2005-09-14 10:12:01","true","2011-07-30 01:02:32"
"215","24","214 Samantha Burgs Apt. 864
Port Stephanie, VA 56093","1989-08-12 18:07:51","false",""
"216","74","1096 Ruiz Mission
Nunezside, ME 50394","2020-07-07 10:20:01","true","1997-01-13 13:50:09"
"217","74","24912 Kemp Cape Suite 574
Jamesfurt, ND 35898","1991-09-09 12:12:06","true","2005-05-24 20:31:13"
"218","80","019 Elizabeth Run Suite 245
Lake Andrew, IN 75439","2011-06-18 11:08:49","true","1981-05-14 19:41:30"
"219","85","3708 Scott Circle
Theodoreburgh, NH 34466","2018-06-14 22:48:55","true","2010-11-19 19:00:51"
"220","96","5446 Wendy Mountains
Dawnfurt, OR 57056","1990-04-01 19:49:00","true","2003-10-14 11:24:32"
"221","48","46126 Mcbride Port Apt. 142
Brockhaven, ID 79269","2004-11-28 13:18:30","false",""
"222","32","4281 Frank Road
Brownview, TX 69358","1988-11-03 16:48:39","false",""
"223","92","1855 Melissa Drive
Port Christopherstad, MI 89828","2010-07-25 14:01:50","false",""
"224","23","8984 Olson Loaf Suite 872
South Kathrynberg, CT 58722","2016-02-09 12:33:15","true","2001-08-13 04:08:49"
"225","72","43897 Shaffer Gardens
North Sherriland, KY 80452","1994-11-22 14:23:50","false",""
"226","17","592 Holland Manor Apt. 386
Michaelton, WI 26590","1973-06-20 14:46:29","true","1971-07-30 09:42:32"
"227","44","24475 Adams Wells
Jenningsmouth, IA 30795","1991-06-23 03:09:58","false",""
"228","92","164 Villegas Village
East Elizabeth, OK 30723","2017-02-01 03:09:08","false",""
"229","18","222 Calvin Field Apt. 607
Davidport, OH 30372","1981-01-31 11:02:01","false",""
"230","53","935 Allen Plaza
Cynthiachester, MS 11289","2020-01-24 10:58:18","false",""
"231","23","552 Perkins Causeway
South Nathanielland, ME 02040","1994-12-03 21:26:49","true","1995-08-01 04:03:28"
"232","68","4402 Amber Land
New Melissamouth, CT 30753","1994-06-12 23:03:27","false",""
"233","32","904 Jamie Crest Apt. 489
Lake Jaclynbury, WI 22221","1992-09-03 02:07:11","true","1981-09-18 06:36:29"
"234","58","2231 Reed Drive
Lake Gilbert, ME 95873","1999-04-19 18:31:56","true","2011-02-27 22:37:30"
"235","84","3209 John Estates Apt. 692
Port Shelley, MN 50944","2011-11-18 04:52:36","true","1989-12-23 02:26:23"
"236","1","258 Courtney Skyway
Katieton, WA 75184","1992-03-04 15:31:13","false",""
"237","93","1235 Matthew Path
East Amber, GA 27368","2017-12-17 13:43:13","true","1980-04-25 12:11:24"
"238","51","1895 Martin Spring Apt. 937
South Justinborough, MD 98424","1973-04-18 14:36:42","true","2020-01-30 13:37:46"
"239","90","0038 Williams Road
East Jacobstad, GA 44436","1976-05-03 21:24:44","false",""
"240","93","USS Brown
FPO AP 51190","1992-10-03 12:57:00","false",""
"241","3","24191 Chad Junction Apt. 771
Larsonfurt, NY 48469","1978-06-27 14:46:51","true","1970-11-27 12:51:34"
"242","15","4138 Farrell Harbors Suite 026
Lopezchester, MS 71065","1979-01-06 18:17:29","false",""
"243","86","5269 White Park Apt. 036
Leeview, CO 62480","2012-11-02 23:34:25","true","2020-11-26 00:50:33"
"244","32","829 Danny Points
Morenoburgh, TX 13873","1981-11-23 01:11:44","false",""
"245","30","466 Sabrina Summit Suite 866
New Kimberlyburgh, OH 36578","1985-04-06 22:02:21","false",""
"246","35","9865 Alison Villages Apt. 795
Oneillview, AZ 46600","2007-09-11 07:23:43","false",""
"247","94","32323 George Trafficway
Ginaland, MO 71684","2009-07-01 22:57:57","false",""
"248","72","605 Rodriguez Branch Suite 758
West Kellytown, ND 77745","1983-05-20 03:42:14","true","2000-03-31 19:45:01"
"249","71","70300 Jeffery Corners Apt. 545
Aliciaport, NM 36439","1990-10-27 01:58:03","true","2012-07-19 07:36:41"
"250","13","38535 Krista Walks
Rittermouth, VT 68456","2000-12-06 03:34:26","true","1989-11-20 21:55:11"
"251","25","9546 Christine Plaza
Lake Maryland, PA 82639","1995-08-31 11:43:45","false",""
"252","11","0090 Antonio Mountains Suite 887
Medinaberg, VT 27152","1979-07-28 07:08:33","true","1987-03-27 04:08:49"
"253","18","7869 Choi Ville Apt. 308
West Scottport, MS 92408","2003-05-27 11:37:30","false",""
"254","46","9821 James Loop Apt. 605
South Camerontown, ME 09167","1976-12-22 13:17:54","true","1972-03-25 01:24:05"
"255","26","2859 Brian Locks Apt. 811
Port Shannonshire, RI 03004","2001-05-03 01:37:24","false",""
"256","43","736 Penny Common Apt. 395
Matthewborough, NE 33064","1979-07-18 00:06:35","true","2000-07-18 04:59:38"
"257","6","0279 Juan Spurs Apt. 316
Burtontown, MA 54119","2016-09-27 00:49:32","true","2021-10-30 06:51:00"
"258","11","9444 Johnathan Lakes Apt. 649
Dodsonberg, FL 33593","1971-07-15 11:15:15","true","1980-06-24 08:30:25"
"259","9","3505 Campbell Terrace Apt. 140
Cynthiachester, MA 90553","1976-07-01 02:29:01","false",""
"260","34","PSC 6708, Box 6975
APO AE 96980","2000-02-04 19:35:54","false",""
"261","95","22068 Lydia Harbor
West Jasonhaven, MI 43222","1975-04-07 19:50:43","false",""
"262","68","643 Williams Creek Suite 143
Riosberg, HI 19673","2010-04-13 16:35:06","true","2001-05-09 13:46:38"
"263","53","27840 Randy Island
Riveraport, HI 74580","2014-05-02 13:42:56","false",""
"264","97","87642 Robert Canyon Apt. 324
North Lacey, NC 93266","1971-03-26 15:57:49","false",""
"265","6","3724 Diane Port Apt. 434
East Christina, CA 92295","1997-10-17 14:37:01","true","1995-03-22 08:38:13"
"266","25","468 Michelle Inlet
Melissaton, KY 79013","2017-02-10 03:50:35","true","1981-06-12 02:06:30"
"267","21","470 Gloria Orchard Apt. 113
Gomezport, MD 93373","2008-09-22 16:07:02","true","1991-12-24 06:01:42"
"268","60","1010 Allen Orchard Suite 999
Ronaldchester, IL 51315","1970-08-11 23:26:41","true","1984-07-20 18:06:29"
"269","59","0552 Gallagher Parks
North Brendaberg, LA 71246","1972-12-31 13:14:23","true","1992-10-15 06:09:29"
"270","37","24033 Jones Shoals
East Jamiefort, HI 37927","2010-01-07 14:26:45","false",""
"271","46","72055 Carla Trail
Greenfort, ME 93053","2010-06-16 13:22:46","true","1992-02-06 02:12:59"
"272","62","45413 Frye Rapid Suite 002
Russellport, MO 77560","1972-08-03 03:32:03","false",""
"273","57","0240 Phillips Creek
New Sherri, CA 23402","1975-12-03 19:37:13","false",""
"274","6","249 Mark Grove
North Courtneyburgh, WY 58014","1977-07-23 15:02:25","false",""
"275","63","USNS Rodriguez
FPO AP 27205","1970-08-06 08:21:20","false",""
"276","23","83930 Yvette Village
Jeremymouth, MD 55263","1998-04-15 04:25:46","true","1973-06-10 22:35:45"
"277","63","52756 Jennifer Cliffs
South Stephanie, CA 67297","1992-04-11 03:42:15","false",""
"278","17","PSC 3777, Box 5123
APO AP 16715","2013-11-20 14:36:25","true","1984-03-29 02:08:50"
"279","59","84194 Todd Points
Sarahmouth, VT 31206","2005-07-17 20:31:09","false",""
"280","76","403 Salas Landing Apt. 397
New Melissa, NE 27912","1975-08-29 18:20:24","false",""
"281","54","912 Stacey Plaza Suite 125
Smithberg, HI 32095","1972-09-27 11:39:51","true","1991-10-10 21:10:29"
"282","91","888 Kelly Junction
Jamesmouth, ID 84378","1993-06-17 08:57:32","false",""
"283","91","91350 Miller Land Apt. 242
North Joshua, SD 22717","2002-05-13 20:23:09","false",""
"284","56","7790 Alvarez Unions Apt. 809
Adamtown, NM 59188","1997-07-06 17:02:37","true","1995-09-23 15:39:22"
"285","27","565 Torres Common
Brandimouth, ID 95585","1977-10-26 03:26:48","false",""
"286","70","351 Sarah Street
East Beverlyburgh, ME 30650","1994-10-15 13:55:21","true","2019-01-03 10:34:05"
"287","70","9525 Phillips Flats
Lake Toddmouth, LA 67251","1974-03-10 14:08:21","false",""
"288","21","02781 Hernandez Mews
South Amyport, AL 96464","1994-07-14 13:45:59","false",""
"289","60","33198 Lewis Fall Apt. 202
Wardton, IL 85686","1970-11-09 07:32:03","true","2013-01-12 04:53:45"
"290","66","909 Tracey Crescent Apt. 015
Kimhaven, UT 22330","1976-06-29 19:30:49","true","1971-05-30 08:33:06"
"291","81","PSC 3640, Box 5243
APO AE 65148","1977-01-01 22:58:59","true","1983-07-26 22:00:31"
"292","30","65216 Clark Pines Suite 868
Ramoston, DC 23311","1977-05-11 14:36:57","true","1976-08-25 15:39:45"
"293","31","974 Leslie Roads Suite 107
Gravesview, MT 83698","2001-05-18 11:01:23","true","2001-02-25 05:32:41"
"294","60","5471 Greer River Apt. 630
Joshuafurt, OR 44124","1983-12-28 05:31:39","true","2021-11-16 20:41:03"
"295","44","06397 Alejandra Squares Apt. 967
Williamsberg, OH 30548","2009-12-17 00:27:20","false",""
"296","19","100 Laura Union
Port Stacytown, AL 26578","1970-08-16 12:43:44","true","2020-07-16 01:06:18"
"297","79","1560 Megan Mission
Lake Jerryfurt, RI 93712","1987-05-17 16:58:45","true","1989-02-23 02:52:19"
"298","69","44835 Obrien Park
New Andreashire, AR 09372","1970-05-16 03:04:52","false",""
"299","76","2633 Harris Village
Port Angelafort, NJ 94333","2011-11-18 14:57:03","false",""
"300","52","279 Miller Causeway Apt. 413
Port Markshire, TN 54142","2008-06-10 06:47:31","false",""
"301","51","694 Eric Stravenue Suite 488
South Stephanieville, VT 21652","1988-02-19 05:54:26","true","1987-10-29 13:05:39"
"302","0","83995 Christina Brook Apt. 845
Wesleyfurt, GA 95018","2021-04-08 03:15:04","false",""
"303","99","72128 Gutierrez Ville Apt. 875
Port Cassandra, AL 39303","2017-10-06 10:43:16","true","1997-04-21 00:18:51"
"304","4","9084 Mcdaniel Ports
North William, KY 22471","1970-05-24 06:52:16","true","1997-07-03 07:24:41"
"305","93","180 English Throughway Suite 784
Petersonland, CO 33224","2003-08-25 23:06:21","true","1987-04-11 00:51:36"
"306","57","13309 Crosby Well Apt. 014
Lake Bridget, WI 52732","1975-12-08 05:39:20","true","1972-05-16 16:06:41"
"307","6","048 Cooley Key Suite 869
Allenburgh, GA 33424","1975-04-30 04:25:07","false",""
"308","66","4504 Stephanie Parkway
South Jamie, AR 19709","2016-05-22 17:30:04","false",""
"309","65","199 Smith Crescent Apt. 346
Port Daniel, AK 12455","1978-03-27 22:09:33","false",""
"310","47","352 Wilson Port
Port Dawnbury, FL 66673","1991-12-29 12:18:10","true","1977-04-05 00:20:41"
"311","36","00867 Sims Port Apt. 104
West Melissa, LA 51485","1976-05-05 21:31:14","true","2005-06-05 22:03:29"
"312","21","69819 Daniel Crest
West Jonathanshire, MI 55033","2005-05-21 08:10:55","true","2016-12-04 06:31:59"
"313","22","06593 Bradley Stream Suite 084
East Joshuaport, MN 98316","2020-07-20 15:08:02","false",""
"314","40","0167 Annette Harbors
Kevinville, CT 51814","2018-12-06 03:13:43","true","1985-11-27 02:01:26"
"315","81","9348 Miller Gardens Suite 290
Lake Samantha, ID 42820","1976-12-12 05:35:26","true","1976-02-09 12:02:48"
"316","71","34410 Tina Isle
Garciamouth, CO 08591","2016-02-20 21:05:19","true","2021-05-01 13:38:49"
"317","78","334 Baker Junction
Port Suzanne, FL 21887","2002-04-07 16:04:17","false",""
"318","39","PSC 8177, Box 6851
APO AP 67820","2018-10-04 05:43:33","true","2003-08-24 20:02:25"
"319","56","7851 Watson Corner
Lauraport, OH 65259","2003-06-20 15:46:39","false",""
"320","7","54413 Morrison Route
North Deborahton, AZ 37281","1979-01-21 03:40:42","false",""
"321","14","635 Amber Light Apt. 379
Perezburgh, TX 26585","2000-11-09 23:18:43","false",""
"322","97","1325 Crystal Shores
Lake Fredshire, DE 11894","2019-04-29 05:14:50","true","2017-12-22 20:45:59"
"323","56","35202 Vance Via
South Sierrafort, ME 96764","1991-12-13 09:07:47","true","2012-06-08 06:15:42"
"324","86","9521 Jose Gateway Suite 499
Owensfort, CO 03985","2005-09-11 07:59:48","false",""
"325","28","72903 Black Way Apt. 631
East Anthony, NC 92964","2001-05-31 00:13:07","false",""
"326","97","25919 Annette Corner Suite 528
Brightfort, ME 95828","1992-12-27 00:09:54","true","2019-07-12 20:38:11"
"327","61","1178 Jennifer Road Apt. 463
Port Kenneth, KS 95223","1985-12-24 16:14:12","false",""
"328","0","548 Susan Overpass Apt. 136
Smithhaven, FL 11840","1975-05-23 09:25:31","true","2010-03-20 14:32:15"
"329","97","6213 Andrew Valley
Jaytown, MD 93465","1987-09-29 06:55:31","true","1991-05-31 14:13:11"
"330","99","530 William Drives
Port Krystalbury, NE 75643","1990-11-25 15:34:13","false",""
"331","61","4895 Alison Islands
Port Gabriela, IN 58752","1983-09-28 11:37:03","true","1980-06-25 21:54:28"
"332","0","Unit 5138 Box 5441
DPO AA 27400","1975-03-31 10:57:06","true","1992-08-28 13:10:03"
"333","24","52648 Hayley Lake
East Catherine, PA 79940","2000-04-21 16:51:15","true","2017-06-06 02:13:56"
"334","2","0455 Collins Mount
Theresamouth, WV 46765","2019-09-23 10:30:29","false",""
"335","77","2596 Jones Green Suite 110
Gilltown, MT 56579","1974-12-13 19:36:07","false",""
"336","86","8640 Karen Mews Apt. 020
Beckborough, NY 90454","2000-08-08 04:19:03","false",""
"337","19","793 Hill Branch
Lake Stacy, NV 44234","1996-11-16 00:00:09","true","1992-11-21 05:23:31"
"338","66","915 Saunders Causeway
Jeffreyshire, VA 47077","1983-07-08 00:30:57","false",""
"339","61","104 Bryant Expressway Apt. 556
West Melissaborough, WY 36225","1976-03-24 03:39:20","false",""
"340","16","2506 Jennifer Fields Suite 249
Garyview, DE 89940","2021-01-21 00:57:11","false",""
"341","88","280 Brown Rest
Nicholasborough, MN 23645","1980-06-19 16:50:08","false",""
"342","52","80967 Shaffer Center Suite 206
North Jasonfort, NC 39106","2007-10-16 22:23:58","false",""
"343","1","926 Paul Tunnel Suite 309
New Kara, KS 07085","2013-02-14 03:47:36","true","1976-10-04 04:57:08"
"344","12","USS Sanchez
FPO AA 84455","2003-03-01 12:18:28","false",""
"345","63","0718 Patrick Radial
Paulashire, NH 86989","2019-10-21 03:56:30","true","2012-12-04 02:06:59"
"346","91","5614 Jared Point
Kathrynton, CA 45288","1981-07-24 04:58:06","true","1973-10-18 10:19:51"
"347","84","96549 Daniel Valley Suite 441
New Jennifer, MS 35618","1995-10-17 05:42:54","false",""
"348","50","Unit 4636 Box 0611
DPO AE 63146","2002-01-04 16:55:54","true","1985-03-08 12:15:06"
"349","98","13251 Jessica Crest Suite 553
Kathleenland, AR 09511","2018-06-16 20:01:59","false",""
"350","28","184 Arthur Plains
New Brandi, NY 03003","1982-12-05 01:01:08","false",""
"351","92","7108 Christopher Fort
Terrytown, PA 04767","1991-03-20 02:44:59","false",""
"352","27","Unit 4995 Box 4547
DPO AP 65607","1992-09-16 23:31:39","false",""
"353","86","876 Michelle Knolls Suite 632
New Cynthiamouth, CO 55068","1970-09-13 07:48:51","false",""
"354","61","89553 Hall Trace
Jillfurt, KY 29867","1991-11-22 15:12:03","true","1984-02-17 10:48:43"
"355","93","6622 Oliver Common
West Reneefurt, CO 95748","2008-02-01 22:03:48","false",""
"356","61","65665 Megan Orchard Apt. 949
South Stanleyside, WY 29606","1983-12-28 17:25:38","false",""
"357","77","16568 Russell Tunnel
Newmanside, NJ 61354","2005-11-15 02:26:50","false",""
"358","37","7269 Lopez Points
Sandersberg, ME 57470","2003-04-07 00:25:58","false",""
"359","83","7247 Mitchell Expressway
West Ericport, OK 90998","2017-12-11 04:58:18","false",""
"360","37","9061 Nguyen Extension Suite 247
Sanchezton, IA 03199","1989-11-14 00:22:17","false",""
"361","23","03516 Deborah View Apt. 082
East Toni, MI 14563","1993-01-08 14:02:20","true","2005-02-04 12:57:07"
"362","61","5938 Rivera Run Suite 041
Austinmouth, CA 83114","2002-07-15 00:48:12","true","1976-01-31 03:36:24"
"363","86","0764 Gibson Bridge
South Georgeshire, MN 62447","1991-03-27 09:21:46","false",""
"364","91","31417 Bryan Ridge Apt. 377
Jeffreyhaven, MN 42511","1987-01-02 22:13:56","true","1989-03-25 09:52:35"
"365","34","132 Wilson Mews
Johnsonberg, AZ 01145","2009-05-23 09:37:25","false",""
"366","27","45804 Myers Glen
Bautistaview, RI 25419","1997-05-23 05:19:24","false",""
"367","20","8700 Kramer Passage Apt. 139
Thomasborough, NE 46181","1981-03-28 02:12:57","false",""
"368","29","77524 Romero Loop Apt. 493
Lake Sandrahaven, RI 45018","1996-11-21 20:54:20","false",""
"369","53","99790 Young Wells Suite 528
Loganchester, MS 38830","2019-11-03 06:46:01","true","1985-01-21 12:54:44"
"370","7","1883 Roberts Fork Suite 270
New Michelleview, SC 51329","2010-02-23 01:48:14","false",""
"371","17","948 Billy Forest Suite 682
North Lisaborough, ID 06772","2021-05-16 14:50:56","true","2013-09-19 13:52:38"
"372","22","19062 Matthew Tunnel
West Christopherstad, WV 27912","1973-06-13 23:54:19","true","2014-09-29 10:40:23"
"373","58","64987 Peters Rapids Apt. 559
South Sean, WA 72384","1989-05-17 02:06:09","false",""
"374","96","76429 Donald Prairie
South Margaret, AK 85904","2007-10-07 16:00:33","false",""
"375","88","355 Patton Forks
Kendraville, SC 37309","1997-02-13 12:26:57","true","2005-10-11 01:47:06"
"376","4","434 Stout Valley Suite 398
East Jacquelineshire, WY 89114","2020-06-16 05:47:54","false",""
"377","5","135 Thomas Ramp Suite 588
New Leslie, OK 31419","1997-12-14 01:19:23","false",""
"378","33","0436 Debra Ranch Suite 508
Brookschester, IL 29726","1994-09-17 11:16:35","false",""
"379","93","0514 Schultz Court Apt. 047
South Scott, GA 25679","1971-08-01 10:04:38","true","1998-01-05 08:08:28"
"380","8","1190 Robinson Prairie Apt. 777
Lawsonview, CT 28343","2011-09-20 12:02:15","true","2009-08-08 11:08:33"
"381","31","3288 Courtney Path Suite 934
New Laurie, OH 03336","1986-03-07 07:05:14","true","2005-10-28 07:02:15"
"382","35","55950 Stephanie Village
Mccarthytown, VT 54467","2012-08-11 10:25:34","true","1971-04-14 18:47:48"
"383","41","04707 Valdez Mills Apt. 478
North Elizabethland, FL 60843","1975-07-12 11:56:01","true","2005-04-14 16:47:45"
"384","96","3570 Kimberly Gardens Apt. 766
Melindaberg, HI 80844","1991-06-23 19:51:28","false",""
"385","91","429 Amy Place
Perkinschester, KS 89055","1998-08-20 10:41:40","true","2014-02-13 21:40:30"
"386","44","578 Villarreal Streets Apt. 227
North Stacey, NY 77789","1991-12-13 18:30:42","false",""
"387","18","299 Merritt Locks Apt. 894
East Tyler, AL 26025","1975-07-26 13:29:40","true","1976-11-23 23:57:08"
"388","60","90718 Laura Falls Suite 373
South Mark, VT 10614","2003-09-21 01:00:39","false",""
"389","65","446 Hammond Port Suite 533
North Monique, TN 53092","1992-09-04 08:16:27","false",""
"390","76","711 Lance Crossroad Suite 344
New Meganburgh, CT 58762","2021-08-26 18:59:50","false",""
"391","1","1574 George Pine
Brennanberg, CA 90166","1988-07-19 09:20:10","false",""
"392","99","358 Christopher Skyway Apt. 133
West Deborah, WY 23675","2018-09-25 17:45:12","true","2022-03-03 18:24:42"
"393","66","615 Black Avenue Suite 120
East Nicole, IA 62113","2004-04-12 07:17:02","true","2015-07-21 12:53:01"
"394","25","USNS Rodriguez
FPO AP 20089","2019-05-10 04:57:01","false",""
"395","53","PSC 0348, Box 9785
APO AE 32240","1975-04-19 01:08:44","true","2013-11-09 13:04:20"
"396","18","914 Hunter Brooks Suite 386
Aguilarfurt, CT 39573","1981-05-28 11:18:02","false",""
"397","70","061 Margaret Forks Suite 916
New Brianfurt, FL 93919","1997-01-05 23:52:35","false",""
"398","18","646 Collins Meadows
South Adam, MD 62021","2005-05-11 06:35:07","true","1976-08-17 15:04:12"
"399","20","83734 Monique Village Suite 112
Hernandezfurt, OK 05027","1999-02-03 11:55:34","true","1972-06-09 15:40:22"
"400","87","99940 Howell Squares
Oconnorside, OK 55535","2017-06-14 23:31:51","true","1973-11-28 14:52:49"
"401","61","019 Richard Groves
Lake Nicolas, ND 88391","2005-04-28 10:24:41","false",""
"402","70","8705 Theresa Station Apt. 611
North Andre, DC 50123","1982-09-02 20:46:32","true","2009-10-09 18:05:37"
"403","25","53418 Brian Locks
Josephside, KY 69175","1979-10-21 02:33:28","true","1988-07-18 12:00:13"
"404","79","3660 Kim Hill
North Ginafurt, MT 58142","2003-08-19 20:24:00","true","2015-01-16 22:29:27"
"405","84","2773 Boyd Crossroad Apt. 326
North Melinda, NV 81056","2004-02-04 00:15:08","true","2012-06-27 16:23:07"
"406","86","746 Lewis Stream Suite 903
Mathewburgh, FL 27803","1993-06-15 23:03:05","false",""
"407","53","782 Glenn Cliff
Port Heather, AZ 61542","1986-06-21 06:54:37","false",""
"408","96","4059 Pam Corner Apt. 680
Cooperville, DE 24192","1998-11-06 19:38:05","true","1984-08-30 06:58:44"
"409","58","61522 Johnson Walk
Port Adrienne, GA 47253","1995-09-20 05:12:04","true","1974-12-01 14:09:33"
"410","6","61682 Tara Plain Suite 589
Rebeccafurt, SC 96605","2003-04-22 17:49:14","false",""
"411","74","8228 Chavez Street
North Craig, TX 87161","1989-03-28 06:11:36","false",""
"412","90","91302 Jennifer Gardens
Port Mitchellberg, UT 12320","2020-12-12 16:13:34","true","1970-08-15 05:59:14"
"413","80","855 Flores Grove Apt. 400
North Jesseborough, CT 33146","2014-09-11 00:39:17","true","2021-04-11 02:00:21"
"414","21","39430 Fuller Roads Suite 043
Ericafort, WI 12886","1987-08-27 02:11:45","false",""
"415","4","7701 Livingston Creek
Port Linda, NC 58219","1970-04-23 13:58:06","false",""
"416","80","PSC 5311, Box 4885
APO AA 05543","2018-10-04 12:19:35","true","2014-03-28 17:20:17"
"417","96","96272 Thomas Pine
Nelsonport, RI 40181","2009-03-28 16:08:47","false",""
"418","32","USCGC Johnson
FPO AP 94558","1992-04-07 19:47:17","false",""
"419","9","PSC 4062, Box 9822
APO AE 75833","1972-01-21 17:40:48","false",""
"420","70","3098 Christina Station
South Andrew, NC 83141","1992-05-14 01:08:37","false",""
"421","46","70235 Michael Viaduct
South Shannontown, GA 96744","2005-08-22 13:38:29","true","2003-09-09 17:54:56"
"422","82","7972 Hernandez Creek
Billyside, AK 57056","1990-10-23 05:24:39","false",""
"423","44","29165 Eric Canyon
West Kylebury, AK 59814","1998-08-18 04:01:03","false",""
"424","58","982 Kyle Cliffs
Richchester, MS 33366","1980-10-15 20:33:31","true","1975-01-03 18:24:16"
"425","92","01925 Harrington Trafficway
South Lisa, NV 31639","2016-05-02 21:45:00","false",""
"426","57","886 Jason Lake Suite 113
Holmesmouth, GA 26097","1992-09-05 22:13:39","false",""
"427","20","3428 Tracy Radial Suite 170
Alexandershire, HI 87769","1984-11-13 01:42:09","true","1975-02-20 00:53:59"
"428","47","2260 Atkinson Court Suite 879
Priceberg, LA 13253","1970-01-09 09:33:24","true","2011-01-14 12:07:32"
"429","48","44002 Brandon Loaf
North Michele, MO 53433","1998-12-01 15:58:27","false",""
"430","15","1700 Kim Extensions Suite 977
Beardside, AK 04438","1973-08-01 12:44:35","false",""
"431","6","5250 Booth Hill
Port Kristen, MS 67857","1984-02-11 21:14:12","false",""
"432","8","937 Williams Stream Apt. 979
Laurieberg, NH 71574","1992-06-10 05:30:46","true","2000-04-02 17:59:30"
"433","38","90263 Dalton Key Apt. 869
Karenside, WI 28409","1973-02-01 14:54:57","true","1974-03-04 04:43:53"
"434","76","460 Dawn Place
East Deborah, RI 97577","2015-10-31 02:08:33","true","1989-10-05 21:30:43"
"435","90","67439 Sanchez Pass Apt. 758
New Feliciaview, NE 68777","1978-08-11 06:32:32","false",""
"436","76","04774 Taylor Parkways Apt. 006
Webbbury, NJ 36921","2017-03-27 05:31:32","true","1985-09-18 12:27:02"
"437","12","2978 Oneal Corners
North Markbury, NM 76482","1982-11-06 14:26:23","false",""
"438","40","8461 Brown Street Apt. 154
Cortezview, NV 56560","1979-03-03 22:16:21","true","2015-09-12 12:53:36"
"439","50","95105 Jeffrey Dale Suite 288
Samuelside, MO 32958","2021-09-16 13:24:57","true","2008-01-01 10:39:25"
"440","8","9722 William Estate Apt. 453
Langview, NJ 54762","2018-10-24 22:13:06","false",""
"441","4","4784 Powers Circle Apt. 113
Jordanmouth, NJ 80841","2000-10-06 11:35:42","false",""
"442","35","49766 Teresa Ridge
Mariaton, MN 91982","1973-08-28 09:02:31","false",""
"443","36","820 Kelly Knoll
Lake Samanthastad, HI 97923","1983-01-02 11:19:43","false",""
"444","47","125 Hernandez Fort Suite 054
New Patrick, NC 78278","1991-01-15 17:13:00","true","1983-01-25 16:48:05"
"445","22","117 Kristina Street Suite 131
Vincentport, NV 92903","2009-03-05 01:47:37","false",""
"446","17","543 Pamela Cliff Apt. 754
Hansonville, LA 51368","1991-11-01 18:12:44","false",""
"447","0","69571 Joseph Row
Lake Hayley, TX 18693","2013-12-19 17:31:43","true","1989-11-15 15:15:35"
"448","51","97382 Harry Spur
East Kristinburgh, IN 90121","2000-08-02 16:31:11","false",""
"449","3","7848 David Ways Apt. 614
Michaelberg, KY 65571","1974-04-07 19:08:28","false",""
"450","82","5576 Paula Centers Apt. 277
Olivermouth, RI 65313","1971-11-07 20:58:58","false",""
"451","2","8477 Johnson Drives
New Kimberlyfort, NM 89014","2021-02-07 05:54:12","true","1973-12-19 02:02:00"
"452","12","5803 Mary Canyon Apt. 500
East Hollyland, MT 35854","2017-02-09 06:21:43","true","1993-08-29 21:26:26"
"453","36","0229 Kayla Circle Apt. 045
West Jacobside, CT 51941","1983-04-06 22:29:57","true","1985-07-07 06:54:07"
"454","21","7205 Elizabeth Plain
Wyattbury, AZ 40769","2019-11-27 20:51:31","true","2017-10-16 17:11:58"
"455","23","Unit 4606 Box 9783
DPO AE 91615","2010-10-23 00:03:22","true","1988-05-27 00:29:51"
"456","18","233 Victoria Walks Apt. 593
Port Jennifertown, ID 84468","1987-08-13 16:52:25","true","1987-07-04 19:03:03"
"457","88","501 Morgan Squares Apt. 355
Higginsbury, OR 66652","2001-09-28 06:18:40","true","2006-03-16 04:16:55"
"458","24","0895 Fernandez Grove
Robertsonborough, LA 17148","1997-10-29 22:14:46","true","2012-04-02 20:05:22"
"459","19","2663 Scott Circles Suite 814
Baldwinbury, AK 94011","1977-03-10 04:40:37","true","2015-11-16 06:05:04"
"460","35","284 Ashley Springs
Patrickview, FL 02552","2003-10-25 21:55:16","true","2000-11-23 13:36:29"
"461","27","216 Charles Avenue Apt. 682
Russellside, KS 99803","1991-04-04 17:53:52","true","2008-07-26 17:44:29"
"462","46","98527 Patterson Rest
Ashleychester, DC 57690","1982-05-26 19:10:19","true","1988-07-22 08:41:29"
"463","34","35432 Cheryl Mills Suite 038
Melindaview, PA 75427","1973-01-08 03:25:23","true","2006-06-01 13:58:00"
"464","51","719 Jones Viaduct
Candicefurt, AK 16484","2010-09-13 19:19:53","false",""
"465","6","821 Leah Port
Julianburgh, NC 41420","1980-03-29 00:49:51","true","1975-09-30 22:37:53"
"466","64","93288 Kirk View
Danielbury, AR 17320","1973-10-14 22:25:44","false",""
"467","18","41005 Simpson Stravenue
North Jamesmouth, WY 52463","1992-01-27 03:41:23","false",""
"468","96","88371 Bruce Rest Suite 338
South Michelletown, WA 42756","1986-01-06 13:23:34","true","1997-10-29 02:07:19"
"469","61","395 Romero Corner
South Frankmouth, ME 10329","2004-03-20 05:14:20","true","2013-12-03 17:19:30"
"470","14","4562 Todd Burgs Suite 835
New Juliehaven, ID 49308","1975-06-06 11:37:07","true","1979-02-19 23:55:54"
"471","36","8692 Benjamin Mount Apt. 952
Ericfort, IL 99747","2020-07-01 11:25:09","true","2009-08-12 18:54:35"
"472","74","056 Davis Circles Suite 035
Kennethton, MS 09693","1989-11-29 21:54:11","false",""
"473","37","36933 Stark Place
East Michael, ND 66866","1997-09-28 08:20:50","true","2015-09-09 13:40:33"
"474","3","8319 Thomas Pines
Byrdmouth, WA 79216","2003-07-10 17:59:06","true","2014-12-25 06:17:43"
"475","10","01566 Reed Crest Apt. 080
Summerside, ND 32839","2012-10-17 04:12:23","false",""
"476","64","9570 Nelson Centers Apt. 115
Port Katrinamouth, FL 41499","1972-10-27 08:38:45","true","1988-07-01 00:50:33"
"477","38","50654 Thompson Square Apt. 302
Kimberlychester, CT 12898","2021-02-17 05:59:45","false",""
"478","38","220 Garcia Squares
South Pamela, MD 75175","1993-11-05 03:46:20","false",""
"479","73","039 Nichols Knolls
South Anthonyside, AL 01372","2017-06-11 20:06:36","false",""
"480","4","95905 Johnathan Trail
Lake James, NM 35399","1981-09-10 05:58:22","true","2003-12-16 20:00:15"
"481","83","5665 Black Circles Suite 288
New Andrew, HI 03681","1983-06-08 16:20:05","true","2011-08-31 04:33:04"
"482","23","95314 Anne Locks
Jackberg, TX 67518","2001-03-04 03:33:32","false",""
"483","74","6010 Jeffrey Courts Apt. 555
New Kenneth, KY 37989","2021-04-21 14:19:54","false",""
"484","24","5471 Burns Rest Apt. 369
Martinport, UT 03814","1977-12-27 07:32:53","true","2008-02-20 17:28:57"
"485","98","16987 Mitchell Canyon
Lake Donna, OH 85782","2000-02-15 04:45:30","true","1983-05-08 07:18:17"
"486","67","Unit 7958 Box 7170
DPO AP 90588","1975-06-05 20:05:39","false",""
"487","85","5268 Garcia Wall
Allenberg, TN 61428","1990-05-22 02:31:43","true","2005-10-21 00:53:30"
"488","95","53032 Kevin Shores Suite 373
Morrisshire, ND 08836","2015-02-28 22:24:51","true","2014-12-30 08:14:52"
"489","76","9950 Frost Bridge Suite 526
South Samuelmouth, VT 10699","1986-06-12 22:06:07","true","1987-07-19 17:51:14"
"490","20","6500 Rebecca Fort Apt. 332
West Brian, PA 18883","2018-05-21 11:29:11","false",""
"491","50","54625 Robert Inlet
Dennisshire, CT 03281","1985-08-23 11:30:23","true","1989-11-11 23:25:42"
"492","61","841 Deborah Expressway
Lake Kristina, MI 39244","2005-03-09 04:43:52","false",""
"493","36","66214 Flowers Ford
Tinaville, IN 77809","1999-09-08 10:18:26","false",""
"494","30","040 Gregory Shoals
Heathview, CO 21342","2005-01-26 05:52:27","false",""
"495","88","Unit 0031 Box 8863
DPO AP 29883","1979-01-25 19:13:45","true","2002-01-17 16:02:14"
"496","87","093 Lewis Divide Apt. 759
North Katrina, NC 30099","2005-01-14 08:46:55","true","2002-11-06 11:35:04"
"497","56","68796 Carr Turnpike Apt. 982
Lake Ricky, VT 01682","2019-06-29 03:45:03","true","1971-09-07 00:49:57"
"498","70","39477 Dawn Valley Suite 845
Halestad, WI 55062","2001-09-25 08:57:07","false",""
"499","72","PSC 8515, Box 3256
APO AE 89356","2017-02-20 20:14:07","true","1984-12-21 13:54:04"
